{
  "dateRange" : "ANY",
  "limit" : 100,
  "logType" : "ANY",
  "sortingProp" : "ANY",
  "groupType" : "BY_PROPS",
  "rgxList" : [ {
    "eventType" : "ANY",
    "integerFilters" : { },
    "unicRgxPropText" : [ "\\d{2}:\\d{2}\\.\\d+-", "\\d+,", "\\d[^,]*", "(ClientID=|t:clientID=)[^,]*", "Interface=[^,]*", "CallID=[^,]*" ],
    "groupingProps" : [ ],
    "filters" : {
      "Event" : {
        "type" : "StrokeFilter",
        "elements" : [ "" ],
        "comparisonType" : "equal",
        "active" : true
      }
    },
    "propsForGrouping" : [ "Time", "Duration", "Event", "StackLevel", "Process", "ProcessName", "ClientID", "Interface", "ApplicationName", "ComputerName", "CallID", "Usr", "Descr", "Context" ],
    "propsForFiltering" : [ "Time", "Duration", "StackLevel", "Process", "ProcessName", "ClientID", "Interface", "ApplicationName", "ComputerName", "CallID", "Usr", "Descr", "Context" ],
    "integerCompTypes" : { }
  } ],
  "rgxExp" : "",
  "rgxOp" : "HEAP_OP",
  "name" : "default profile",
  "id" : 0,
  "logPaths" : [ "C:\\v8Logs" ],
  "startDate" : "",
  "endDate" : ""
}